{"cameraMode":{"drawMode":0,"name":"Shaded","section":"Shading Mode"},"sceneLighting":true,"audioPlay":true,"sceneViewState":{"m_AlwaysRefresh":false,"showFog":true,"showSkybox":true,"showFlares":true,"showImageEffects":true,"showParticleSystems":true,"showVisualEffectGraphs":true,"m_FxEnabled":true},"in2DMode":false,"pivot":{"x":8.32526683807373,"y":-2.6999740600585939,"z":12.420429229736329},"rotation":{"x":-0.652829110622406,"y":-0.0029549256432801487,"z":0.0025487637612968685,"w":-0.7575105428695679},"size":23.394184112548829,"orthographic":false}