{"cameraMode":{"drawMode":0,"name":"Shaded","section":"Shading Mode"},"sceneLighting":false,"audioPlay":true,"sceneViewState":{"m_AlwaysRefresh":false,"showFog":true,"showSkybox":false,"showFlares":true,"showImageEffects":true,"showParticleSystems":true,"showVisualEffectGraphs":true,"m_FxEnabled":true},"in2DMode":false,"pivot":{"x":-1.1366137266159058,"y":-4.447231292724609,"z":0.010204792022705078},"rotation":{"x":-0.6098599433898926,"y":0.13639791309833527,"z":-0.10757410526275635,"w":-0.7732513546943665},"size":7.794228553771973,"orthographic":false}